Abbeville No. 1,124,636,279,538,001
Abbeville No. 3,116,568,302,278,001
Antreville,73,681,154,482,001
Calhoun Falls,66,561,573,371,001
Donalds,130,711,61,251,001
Hall's Store,149,722,148,275,001
Lowndesville,54,631,126,472,001
Smithville,150,610,145,345,001
Aiken No. 1,278,341,261,474,003
Aiken No. 5,292,338,377,215,003
Eureka,279,383,188,514,003
Shiloh,304,368,295,695,003
Aiken No. 3,290,346,553,86,003
Aiken No. 4,291,342,261,37,003
Montmorenci No. 22,299,322,347,602,003
New Ellenton,297,285,434,419,003
Beech Island,248,292,459,371,003
Jackson,262,267,195,683,003
Talatha,295,288,366,544,003
Clearwater,246,306,140,173,003
College Acres,293,317,290,614,003
Langley,261,311,161,425,003
Monetta,320,411,294,340,003
Perry,354,363,168,297,003
N. Augusta No. 25,230,303,308,447,003
Salley,344,340,224,176,003
N. Augusta No. 29,224,305,273,468,003
Vaucluse,264,361,359,516,003
Warrenville,269,330,259,631,003
Windsor No. 43,329,320,205,331,003
Six Points No. 46,282,351,477,69,003
Hammond No. 48,257,290,228,381,003
Midland Valley No. 51,255,337,414,799,003
Couchton,312,339,247,426,003
Fox Creek No. 58,236,347,242,585,003
Gem Lakes No. 60,271,321,202,563,003
Belvedere No. 62,233,336,317,302,003
Cedar Creek No. 64,300,296,228,674,003
N. Augusta No. 67,221,325,225,580,003
Anderson Pond No. 69,281,302,311,817,003
Levels No. 72,294,328,238,284,003
Gem Lakes No. 77,274,314,297,626,003
Sandstone No. 79,286,312,197,270,003
Hammond No. 81,251,276,181,335,003
Levels No. 83,287,327,155,181,003
Belvedere No. 74,239,332,120,225,003
N. Augusta No. 54,234,313,321,261,003
Hollow Creek,285,307,210,547,003
Hitchcock No. 66,272,333,220,401,003
Sandstone No. 70,283,316,261,447,003
Allendale No. 1,352,219,405,87,005
Fairfax No. 1,366,198,201,94,005
Martin,328,232,238,29,005
Sycamore,380,220,89,155,005
Appleton-Equinox,37,755,131,135,007
Belton,80,768,227,563,007
Five Forks,35,791,301,677,007
Iva,52,689,144,581,007
La France,30,787,173,336,007
Mount Tabor,22,779,384,786,007
Pelzer,90,797,58,269,007
Piedmont,88,822,105,338,007
Bowling Green,69,774,69,283,007
Fork No. 1,20,764,188,566,007
Hopewell,58,782,240,652,007
Craytonville,85,730,63,457,007
Concrete,82,863,436,1128,007
Cedar Grove,81,778,135,531,007
Flat Rock,45,720,131,496,007
Chiquola Mill,110,733,144,132,007
Edgewood Station A,34,770,338,553,007
Fork No. 2,14,747,180,668,007
Gluck Mill,44,734,82,98,007
Hammond School,63,777,407,879,007
Piercetown,61,796,257,889,007
Rock Spring,75,745,119,315,007
Simpsonville,86,843,371,991,007
Three and Twenty,59,838,248,1063,007
Townville,16,775,110,320,007
West Pelzer,83,806,155,723,007
White Plains,71,801,369,1196,007
Williamston Mill,76,789,205,946,007
Anderson 1/1,41,769,274,371,007
Anderson 2/1,47,761,258,440,007
Anderson 3/1,50,753,186,107,007
Anderson 4/1,48,748,226,40,007
Anderson 5/A,43,750,190,72,007
Anderson 6/1,42,762,357,514,007
Varennes,39,737,219,245,007
Centerville Station B,32,760,436,909,007
Cox Creek,49,767,142,335,007
Belton Annex,87,757,286,618,007
Glenview,57,766,353,669,007
Center Rock,28,739,340,922,007
Colston,421,240,56,81,009
Ehrhardt,448,236,230,275,009
Govan,391,255,70,29,009
Hunter's Chapel,485,244,76,78,009
Little Swamp,503,235,16,87,009
South Bamberg,443,258,527,187,009
North Bamberg,449,264,177,92,009
Barnwell No. 2,342,263,261,461,011
Barnwell No. 4,337,251,377,238,011
Blackville No. 2,369,269,208,100,011
Friendship,356,248,38,289,011
Healing Springs,358,283,377,101,011
Snelling,331,252,278,331,011
Williston No. 2,333,271,106,207,011
SRS,316,254,0,0,011
Beaufort 2,602,39,315,290,013
Burton 1A,566,37,418,519,013
Burton 2A,586,32,314,403,013
Burton 3,584,43,96,88,013
Port Royal 2,590,34,326,245,013
Mossy Oaks 1B,591,36,276,440,013
Chechessee 1,553,33,381,690,013
Chechessee 2,498,31,252,553,013
Ladys Island 1B,607,35,425,538,013
Ladys Island 2B,612,45,332,502,013
Ladys Island 3A,600,44,225,364,013
Dale Lobeco,609,49,410,208,013
Seabrook 2,576,48,404,124,013
Sheldon 1,557,53,356,300,013
Burton 1D,560,41,147,111,013
St. Helena 1B,616,27,670,165,013
St. Helena 2A,629,38,526,318,013
St. Helena 2C,637,30,275,461,013
Ladys Island 3C,604,42,239,342,013
Hilton Head 5C,581,9,265,379,013
Hilton Head 1A,573,8,377,309,013
Hilton Head 6,608,7,408,610,013
Hilton Head 7A,601,4,315,474,013
Hilton Head 5A,587,21,311,442,013
Hilton Head 4B,571,14,361,511,013
Hilton Head 4A,578,20,245,338,013
Hilton Head 4C,580,13,296,347,013
Hilton Head 4D,577,11,295,439,013
Hilton Head 9B,568,5,239,659,013
Hilton Head 11,565,3,361,407,013
Hilton Head 13,575,0,363,383,013
Hilton Head 15A,558,1,174,181,013
Belfair,537,24,418,935,013
Bluffton 2A,530,18,286,283,013
Bluffton 5B,507,23,281,364,013
Sun City 2,469,25,262,393,013
Sun City 5,474,19,325,500,013
Bluffton 1A,528,10,483,408,013
Bluffton 1D,535,15,387,338,013
Bluffton 2B,509,12,346,273,013
Bluffton 2C,494,6,644,921,013
Bluffton 4A,512,29,164,425,013
Bluffton 2E,522,16,473,267,013
Bluffton 4B,515,17,335,450,013
Bluffton 5A,488,22,346,520,013
Sun City 8,466,26,344,453,013
Bethera,876,247,12,127,015
Bonneau Beach,790,266,199,651,015
McBeth,799,259,201,310,015
St. Stephen 1,820,291,551,96,015
Central,758,212,552,627,015
Cainhoy,853,196,506,120,015
Moncks Corner 4,797,246,267,565,015
Carnes Cross Road 1,738,231,229,936,015
Sangaree 2,709,224,321,375,015
Pinopolis,736,257,237,689,015
Jamestown,890,261,187,119,015
Hilton Cross Rd,658,250,461,292,015
Wassamassaw 1,714,241,319,314,015
Daniel Island 1,836,143,439,819,015
Devon Forest 1,742,223,490,457,015
Devon Forest 2,745,218,352,453,015
Hanahan 4,786,154,369,323,015
Westview 2,748,204,389,594,015
Moncks Corner 1,775,253,310,449,015
Moncks Corner 3,771,245,604,370,015
Sangaree 1,719,226,217,278,015
Wassamassaw 2,686,234,484,709,015
Stratford 1,729,225,318,321,015
Stratford 4,732,207,375,497,015
Liberty Hall,801,203,734,525,015
Whitesville 2,746,237,312,439,015
Daniel Island 4,831,126,609,763,015
Yellow House,827,160,532,526,015
Discovery,721,214,564,441,015
Hanahan 5,798,159,211,584,015
Old 52,783,242,221,285,015
Foster Creek 2,773,167,417,623,015
Sedgefield 2,807,174,274,282,015
Howe Hall 2,768,192,285,262,015
Harbour Lake,774,181,509,200,015
Stone Lake,741,213,280,463,015
Seventy Eight,705,215,309,368,015
Sedgefield 1,772,185,388,325,015
North Creek,712,233,28,52,015
Tramway,703,229,481,648,015
Cameron,589,343,251,213,017
Creston,605,356,60,78,017
Fall Branch,518,386,148,161,017
Lone Star,621,362,205,253,017
Murph Hill,499,378,163,108,017
St. Matthews,570,369,359,437,017
Christ Church,892,227,291,256,019
Deer Park 3,744,175,728,266,019
Mt. Pleasant 8,847,86,226,271,019
Mt. Pleasant 22,870,112,438,488,019
Mt. Pleasant 11,849,92,350,317,019
Mt. Pleasant 19,856,118,598,541,019
Mt. Pleasant 17,840,120,667,834,019
Sullivans Island,861,69,680,601,019
McClellanville,909,230,756,316,019
Wadmalaw Island 1,679,58,411,288,019
Kiawah Island,747,52,436,788,019
Deer Park 2B,755,172,497,242,019
Licolnville,700,206,608,414,019
Mt. Pleasant 21,862,99,312,356,019
Edisto Island,656,50,523,462,019
Charleston 2,826,79,229,341,019
Charleston 4,816,80,331,199,019
Folly Beach 2,841,62,471,452,019
Charleston 8,825,95,500,53,019
Charleston 9,819,90,383,94,019
Charleston 15,817,115,471,33,019
Charleston 7,824,87,422,201,019
Charleston 11,811,84,493,198,019
Charleston 16,814,96,622,98,019
Charleston 20,808,104,715,163,019
Charleston 18,813,102,688,52,019
Charleston 21,805,117,329,41,019
Mt. Pleasant 7,845,89,299,255,019
Mt. Pleasant 3,834,108,516,404,019
Mt. Pleasant 9,848,81,266,317,019
Mt. Pleasant 14,843,106,386,373,019
Mt. Pleasant 12,854,107,591,498,019
Mt. Pleasant 23,863,121,573,443,019
Mt. Pleasant 25,857,122,213,278,019
Mt. Pleasant 27,842,132,721,1044,019
Mt. Pleasant 29,860,131,67,129,019
Mt. Pleasant 34,864,147,379,538,019
Mt. Pleasant 36,867,134,503,541,019
Mt. Pleasant 39,881,151,666,1089,019
James Island 1B,795,60,453,81,019
James Island 5B,829,66,172,276,019
James Island 7,812,64,631,510,019
James Island 10,810,67,502,419,019
James Island 15,809,70,598,419,019
Johns Island 3B,720,57,538,496,019
Mt. Pleasant 31,859,142,341,426,019
Mt. Pleasant 38,877,137,315,497,019
James Island 9,806,65,513,331,019
James Island 22,787,76,619,347,019
James Island 11,822,68,537,428,019
James Island 13,821,74,418,416,019
James Island 20,785,72,602,313,019
Johns Island 1B,733,73,520,291,019
Johns Island 4,757,61,394,232,019
St. Pauls 2A,651,94,309,189,019
St. Pauls 3,673,63,390,787,019
St. Pauls 5,669,78,282,287,019
St. Andrews 2,793,85,479,182,019
St. Andrews 9,777,93,587,49,019
St. Andrews 15,764,98,436,89,019
St. Andrews 17,759,83,447,537,019
St. Andrews 19,769,103,146,23,019
St. Andrews 22,761,119,282,258,019
St. Andrews 28,717,105,634,455,019
St. Andrews 1,802,88,193,92,019
St. Andrews 3,791,91,598,146,019
St. Andrews 6,781,82,341,485,019
St. Andrews 20,770,110,652,380,019
St. Andrews 12,800,113,345,345,019
St. Andrews 14,780,109,499,395,019
St. Andrews 24,767,111,372,177,019
St. Andrews 26,751,97,393,305,019
St. Andrews 31,753,114,280,283,019
St. Andrews 33,743,116,146,223,019
St. Andrews 35,739,125,443,591,019
St. Andrews 37,716,128,880,780,019
North Charleston 2,782,124,161,13,019
North Charleston 5,789,130,624,57,019
North Charleston 7,803,133,426,43,019
North Charleston 10,779,150,460,101,019
North Charleston 13,778,146,270,43,019
North Charleston 17,776,140,214,27,019
North Charleston 21,750,135,412,167,019
North Charleston 24,749,153,868,222,019
North Charleston 27,765,156,340,93,019
North Charleston 30,737,169,747,220,019
North Charleston 8,804,138,322,138,019
North Charleston 14,792,141,242,81,019
North Charleston 18,762,139,594,159,019
North Charleston 26,766,152,168,35,019
North Charleston 20,754,129,225,203,019
Alma Mill,317,994,370,322,021
Ashworth,275,999,82,564,021
Blacksburg Ward No. 2,323,995,123,568,021
Gaffney Ward No. 3,306,987,436,79,021
Ezells and Butler,267,996,123,605,021
Gaffney Ward No. 1,305,988,181,73,021
Gaffney Ward No. 4,298,991,364,310,021
Goucher and Thicketty,284,975,104,508,021
Limestone Mill,307,993,169,146,021
Macedonia,280,989,161,610,021
Musgrove Mill,296,983,207,487,021
Pleasant Grove,310,998,275,249,021
Timber Ridge,313,967,76,451,021
Wilkinsville and Metcalf,324,968,22,296,021
Baldwin Mill,357,830,291,166,023
Beckhamville,490,793,291,308,023
Edgemoor,461,879,227,467,023
Fort Lawn,504,826,328,472,023
Hazelwood,416,792,134,272,023
Richburg,452,825,331,450,023
Rossville,463,784,74,177,023
Great Falls,505,773,282,239,023
Chester Ward 2,367,824,345,87,023
Chester Ward 4,386,839,313,126,023
Angelus-Cararrh,655,781,126,216,025
Black Creek,665,812,47,93,025
Cash,846,788,306,222,025
Cheraw No. 1,833,845,286,367,025
Cheraw No. 3,837,814,529,201,025
Courthouse,727,844,290,539,025
Grants Mill,784,800,206,346,025
Mcbee,667,740,337,480,025
Mt. Croghan,674,865,49,150,025
Pageland No. 1,641,850,381,443,025
Patrick,752,780,143,183,025
Ruby,690,851,208,253,025
Snow Hill-Vaughn,734,866,68,169,025
Barrineau,823,422,46,270,027
Bloomville,706,350,105,127,027
Davis Station,663,335,481,528,027
Hicks,794,431,69,271,027
Jordan,687,329,335,776,027
Manning No. 2,680,375,322,227,027
Manning No. 4,662,384,594,107,027
New Zion,763,415,141,194,027
Panola,644,365,133,32,027
Summerton No. 1,650,318,483,611,027
Summerton No. 3,653,371,446,91,027
Wilson Foreston,735,370,421,220,027
Bells,541,179,101,130,029
Cottageville,639,157,265,529,029
Green Pond,630,55,412,121,029
Horse Pen,610,205,124,236,029
Jacksonboro,636,77,193,53,029
Maple Cane,638,210,134,377,029
Peeples,620,188,279,341,029
Peniel,572,127,175,217,029
Round O,628,163,208,298,029
Ruffin,563,202,91,100,029
Berea-Smoaks,554,238,418,184,029
Sniders,550,144,82,179,029
Walterboro No. 2,613,162,319,149,029
Walterboro No. 4,596,155,276,338,029
Wolfe Creek,592,191,35,167,029
Walterboro No. 5,603,168,255,508,029
ANTIOCH,788,732,383,570,031
BETHEL,756,691,213,187,031
BURNT BRANCH,711,694,146,270,031
DARLINGTON NO. 2,835,683,463,186,031
DARLINGTON NO. 5,844,668,688,47,031
HARTSVILLE NO. 4,760,703,281,136,031
HARTSVILLE NO. 6,740,701,594,11,031
HARTSVILLE NO. 8,723,716,370,1170,031
INDIAN BRANCH,815,670,109,230,031
LAMAR NO. 1,728,592,289,156,031
LYDIA,725,675,306,123,031
NEW MARKET,718,727,85,473,031
PALMETTO,872,669,577,475,031
SWIFT CREEK,796,690,187,334,031
DARLINGTON NO. 6,832,693,379,361,031
KELLEYTOWN,702,705,253,906,031
East Dillon,919,726,201,786,033
South Dillon,916,717,457,98,033
Gaddy's Mill,930,713,35,71,033
Lake View,942,697,288,366,033
Mt. Calvary,920,715,598,257,033
Pleasant Hill,928,729,34,57,033
Oakland,914,754,280,167,033
Little Rock,908,738,236,99,033
Oak Grove,900,692,154,263,033
Floydale,917,696,92,255,033
Rosinville,631,260,358,340,035
St. George No. 1,627,239,265,265,035
Reevesville,599,243,284,261,035
Four Hole,645,249,260,337,035
Clemson,675,221,221,557,035
Bacons Bridge,671,178,427,600,035
Dorchester 2,684,208,206,408,035
Irongate 3,685,189,128,213,035
Givhans,648,186,167,351,035
Spann,689,201,288,519,035
Givhans 2,654,217,253,344,035
Saul Dam,677,145,59,155,035
Ashborough East,683,183,265,226,035
Patriot,730,158,511,147,035
Ashborough West,693,173,79,185,035
Tranquil,699,176,109,196,035
Beech Hill,668,171,229,507,035
Flowertown,661,193,251,523,035
Knightsville,660,211,221,350,035
Ashborough West 2,681,177,233,495,035
Coastal 3,698,190,178,199,035
Carolina,694,216,490,415,035
Archdale,726,149,344,250,035
Indian Field,615,256,178,87,035
Irongate,688,187,140,230,035
Greenhurst,696,199,266,277,035
Windsor,724,166,322,277,035
Briarwood,695,194,283,300,035
Central,672,209,280,483,035
Miles/Jamison,713,195,427,578,035
Lincoln,722,161,476,232,035
Coastal 2,701,184,403,479,035
Briarwood 2,692,197,194,289,035
Clemson 3,676,228,309,336,035
King's Grant 2,704,164,453,517,035
North Summerville 2,691,222,493,180,035
Tranquil 2,708,180,403,326,035
Tranquil 3,707,182,340,220,035
Coosaw 3,710,170,314,421,035
Flowertown 3,664,200,269,290,035
Windsor 2,731,165,313,152,035
Edgefield No. 2,229,399,398,445,037
Johnston No. 2,258,420,418,314,037
Merriweather No. 1,215,354,343,1161,037
Harmony,265,403,152,375,037
Brunson,209,429,212,118,037
Trenton 2,249,372,657,364,037
Blairs,345,728,243,43,039
Feasterville,341,756,137,58,039
Gladden Grove,437,763,19,28,039
Horeb-Glenn,374,680,172,23,039
Lebanon,383,718,218,234,039
Monticello,349,706,252,78,039
Ridgeway,493,695,807,412,039
South Winnsboro,434,708,292,70,039
Winnsboro No. 1,414,710,564,161,039
White Oak,419,736,134,44,039
Dutchmans Creek,523,719,255,664,039
Brookgreen,869,656,294,85,041
Ebenezer No. 1,839,623,681,1399,041
Claussen,894,570,424,703,041
Florence Ward 4,875,625,180,150,041
Coles Crossroads,883,601,633,784,041
Cowards No. 2,873,491,119,317,041
Florence Ward 7,865,613,395,641,041
Ebenezer No. 2,838,608,622,792,041
Ebenezer No. 3,850,612,236,514,041
Elim-Glenwood,851,544,253,661,041
Gilbert,888,628,804,122,041
Florence Ward 15,879,611,144,51,041
Florence Ward 10,874,637,286,3,041
Florence Ward 6,866,622,169,271,041
Florence Ward 9,878,635,732,6,041
Florence Ward 14,871,602,365,647,041
Greenwood,887,585,569,472,041
Lake City No. 1,885,417,531,161,041
Leo,893,421,72,109,041
Mars Bluff No. 2,896,659,313,522,041
Mill Branch,899,533,245,109,041
Olanta,828,460,361,421,041
Lake City No. 3,868,437,445,248,041
Pamplico No. 1,897,498,185,414,041
Prospect,903,416,17,179,041
Salem,858,470,38,258,041
Scranton,884,454,210,265,041
South Florence 2,882,577,755,190,041
Timmonsville 1,818,600,622,136,041
West Florence 1,855,638,570,891,041
Timmonsville 2,830,574,314,306,041
ANDREWS,898,295,614,261,043
BETHEL,906,286,64,427,043
BROWN'S FERRY,913,301,866,172,043
DREAM KEEPERS,922,275,461,12,043
GEORGETOWN NO. 4,925,277,113,166,043
CARVER'S BAY,929,358,26,96,043
MURRELL'S INLET NO. 4,963,334,228,702,043
FOLLY GROVE,921,389,135,391,043
MURRELL'S INLET NO. 1,952,344,620,1419,043
GEORGETOWN NO. 1,926,274,223,290,043
KENSINGTON,927,280,184,434,043
PENNY ROYAL,918,268,104,166,043
PLEASANT HILL,911,376,198,305,043
SAMPIT,904,273,456,93,043
SPRING GULLY,915,279,457,359,043
PAWLEY'S ISLAND NO. 5,943,299,487,1108,043
PAWLEY'S ISLAND NO. 4,935,265,446,1011,043
GREENVILLE 1,115,922,460,598,045
GREENVILLE 4,104,918,927,313,045
MAULDIN 1,135,870,530,530,045
PIEDMONT,95,835,496,786,045
GREENVILLE 6,100,908,179,36,045
GREENVILLE 8,102,902,960,279,045
LAKEVIEW,101,928,618,479,045
GREENVILLE 22,119,899,616,810,045
GREENVILLE 16,103,894,543,530,045
GREENVILLE 17,111,900,490,528,045
GREENVILLE 18,108,887,435,533,045
GREENVILLE 20,113,884,360,432,045
GREENVILLE 21,112,896,447,369,045
GREENVILLE 23,120,885,447,797,045
GREENVILLE 25,125,912,455,377,045
DARBY RIDGE,122,962,333,1144,045
NORTHWOOD,137,930,427,796,045
CAROLINA,93,877,504,132,045
GREENVILLE 28,118,910,273,223,045
GREENVILLE 29,126,873,640,172,045
DONALDSON,114,847,393,116,045
ASHETON LAKES,172,889,572,1243,045
AVON,139,936,333,614,045
PEBBLE CREEK,127,944,390,842,045
BEREA,91,926,314,332,045
BOILING SPRINGS,148,923,515,809,045
BOTANY WOODS,131,935,386,551,045
BROOKGLENN,138,943,275,417,045
CANEBRAKE,164,925,624,1090,045
EBENEZER,84,964,275,937,045
FEASTER,153,904,290,328,045
JENNINGS MILL,68,997,284,743,045
DEVENGER,142,915,402,787,045
DUNKLIN,134,772,203,965,045
ENOREE,94,940,668,913,045
FOUNTAIN INN 2,179,817,280,443,045
LEAWOOD,106,934,474,634,045
MOUNTAIN VIEW,121,979,194,1053,045
MARIDELL,97,986,257,801,045
PARIS MOUNTAIN,109,945,291,585,045
MONAVIEW,98,920,409,404,045
PINEVIEW,171,799,137,495,045
RAINTREE,166,819,719,896,045
RIVERWALK,168,875,542,1037,045
ROCKY CREEK,151,898,466,574,045
SEVIER,117,938,502,961,045
SIMPSONVILLE 1,160,852,530,806,045
SIMPSONVILLE 5,175,836,631,492,045
STONE VALLEY,140,950,441,677,045
SUGAR CREEK,154,929,464,1002,045
TANGLEWOOD,89,891,577,479,045
ROLLING GREEN,162,903,339,711,045
THORNBLADE,159,916,581,956,045
SANDY FLAT,129,971,470,1434,045
SKYLAND,158,984,178,1229,045
SIMPSONVILLE 4,156,842,449,509,045
TAYLORS,146,946,518,565,045
SPRING FOREST,128,914,541,554,045
TRADE,169,951,478,503,045
WADE HAMPTON,123,933,393,698,045
WELLINGTON,132,924,350,601,045
WESTSIDE,92,913,390,515,045
MT. PLEASANT,105,862,571,147,045
BRIDGE FORK,157,864,362,698,045
FOX CHASE,167,965,264,833,045
GRANITE CREEK,170,931,633,936,045
GREENBRIAR,143,856,509,535,045
HOLLY TREE,165,867,305,548,045
LOCUST HILL,152,956,191,699,045
MOORE CREEK,136,837,968,937,045
RANCH CREEK,133,848,877,549,045
SPARROWS POINT,181,881,525,783,045
TRAVELERS REST 1,96,959,586,854,045
TYGER RIVER,173,958,320,362,045
WARE PLACE,107,794,284,801,045
WALNUT SPRINGS,188,861,992,1680,045
Bee's Ferry,197,626,402,24,047
Hope's Ferry,195,604,214,144,047
Shoals Junction,144,699,55,131,047
Ashley River Run,191,615,183,47,047
Fairhope Ferry,193,630,280,154,047
Glendale,176,617,97,346,047
Coronaca,200,679,151,556,047
Greenwood High,187,647,197,320,047
Ninety Six Mill,216,609,69,351,047
Callison,198,526,133,366,047
Ware Shoals,161,712,142,158,047
Hodges,163,674,187,565,047
Troy,145,520,31,71,047
Emerald,202,634,267,63,047
New Market,205,621,205,274,047
Civic Center,201,653,334,253,047
Stonewood,212,660,135,463,047
Lower Lake,226,632,152,599,047
Maxwellton Pike,184,616,100,366,047
Rutherford Shoals,177,707,160,280,047
Biltmore Pines,185,640,209,406,047
Sparrows Grace,174,639,144,699,047
Allie's Crossing,227,599,140,345,047
Parson's Mill,194,651,198,256,047
Graham's Glen,208,665,136,364,047
Hampton Cthse 1,411,148,258,206,049
Varnville,432,123,681,312,049
Garnett,355,56,103,13,049
Bonnett,404,71,161,284,049
Scotia,361,59,194,21,049
Horse Gall,429,75,10,54,049
Hopewell,405,100,32,123,049
Cummings,471,101,274,161,049
Gifford,368,136,203,22,049
ALLSBROOK,974,512,61,289,051
BROWNWAY,936,407,144,645,051
DAISY,979,489,128,490,051
FOUR MILE,944,435,291,587,051
JAMESTOWN,946,412,699,782,051
MAPLE,960,446,234,575,051
AYNOR,934,511,173,684,051
COOL SPRINGS,940,482,48,182,051
GALLIVANTS FERRY,932,538,27,67,051
JORDANVILLE,931,443,25,234,051
JUNIPER BAY,941,428,179,684,051
BROOKSVILLE #1,993,445,621,1055,051
LITTLE RIVER #2,998,433,449,1072,051
BURGESS #2,956,357,646,1303,051
CAROLINA FOREST #2,976,405,374,609,051
CHERRY GROVE #2,999,425,393,854,051
LITTLE RIVER #3,996,434,378,887,051
HICKORY GROVE,969,426,165,559,051
COASTAL LANE #1,981,382,376,54,051
DEERFIELD,966,364,446,902,051
DUNES #1,987,397,514,1280,051
DUNES #3,989,402,251,367,051
EBENEZER,991,465,356,843,051
JERIGANS CROSSROADS,978,564,57,304,051
EMERALD FOREST #1,972,398,455,605,051
MT. OLIVE,949,618,115,291,051
FORESTBROOK,968,391,586,1051,051
ENTERPRISE,958,377,656,1173,051
GARDEN CITY #1,965,349,309,784,051
GARDEN CITY #4,959,352,235,403,051
GLENNS BAY,962,359,371,739,051
LAKE PARK #1,964,380,322,551,051
MARLOWE #1,953,374,417,775,051
MYRTLEWOOD #2,984,387,336,534,051
NIXONS XROADS #1,995,430,297,627,051
NORTH CONWAY #1,951,424,355,423,051
OCEAN DRIVE #1,994,409,356,831,051
OCEAN FOREST #1,986,390,300,586,051
OCEAN FOREST #3,985,395,247,230,051
PAWLEYS SWAMP,939,393,35,216,051
POPLAR HILL,945,481,45,360,051
RACEPATH #1,947,419,326,252,051
RED BLUFF,983,453,224,273,051
RED HILL #2,961,401,441,730,051
SEA OATS #1,980,379,278,390,051
SHELL,977,449,145,554,051
SPRING BRANCH,957,654,44,157,051
SURFSIDE #4,975,360,409,934,051
TAYLORSVILLE,938,580,12,152,051
TODDVILLE,948,400,259,508,051
WEST CONWAY,954,414,185,165,051
WHITE OAK,973,466,50,288,051
WINDY HILL #1,990,404,218,513,051
BROOKSVILLE #2,997,452,251,444,051
NIXONS XROADS #3,992,440,392,651,051
LAKE PARK #2,967,381,270,333,051
BURGESS #3,955,348,617,1335,051
MYRTLEWOOD #1,982,385,247,361,051
MARLOWE #3,950,367,383,565,051
SOCASTEE #4,970,388,698,1100,051
WINDY HILL #2,988,410,415,1067,051
SURFSIDE #2,971,355,215,431,051
GILLISONVILLE,445,54,202,143,053
GRAHAMVILLE 2,501,46,714,331,053
HARDEEVILLE 1,439,28,428,377,053
LEVY,464,2,673,299,053
PINELAND,390,51,358,37,053
RIDGELAND 2,450,40,266,209,053
RIDGELAND 3,430,47,139,247,053
Airport,625,682,206,389,055
Bethune,647,725,327,417,055
Camden No. 1,622,649,469,330,055
Hobkirk's Hill,619,664,357,379,055
Cassatt,640,700,256,458,055
E. Camden-Hermitage,623,658,112,150,055
Elgin No. 4,559,627,451,578,055
Camden No. 5-A,617,672,220,114,055
Doby's Mill,595,590,350,611,055
Elgin No. 3,569,606,334,384,055
Gates Ford,635,741,42,167,055
Lugoff No. 1,594,655,229,359,055
Lugoff No. 3,574,645,275,661,055
Malvern Hill,632,688,350,432,055
Riverdale,614,657,361,62,055
Shaylor's Hill,598,714,227,280,055
Westville,624,723,270,568,055
Antioch,606,829,132,350,057
Camp Creek,593,855,104,367,057
Douglas,544,798,425,532,057
Hyde Park,585,834,312,453,057
Kershaw South,618,758,200,635,057
Lynwood Drive,567,810,485,616,057
Erwin Farm,548,828,401,323,057
Dwight,611,853,220,760,057
Elgin,583,818,352,496,057
Midway,633,795,68,312,057
Pleasant Valley,526,976,813,919,057
Riverside,543,854,251,189,057
Unity,588,872,207,508,057
Possum Hollow,529,966,610,881,057
Shelley Mullis,556,955,499,601,057
Gold Hill,538,932,226,440,057
Osceola,555,937,890,1148,057
The Lodge,536,948,783,1317,057
LAURENS 1,218,746,227,93,059
LAURENS 3,220,749,175,134,059
LAURENS 5,214,743,306,443,059
BAILEY,228,735,210,308,059
WATTSVILLE,219,765,186,429,059
MADDENS,211,731,175,446,059
JOANNA,266,721,243,610,059
MOUNTVILLE,225,709,125,218,059
JONES,190,809,321,478,059
GRAY COURT,203,785,291,393,059
COOKS,199,840,402,707,059
ORA-LANFORD,223,790,202,304,059
CROSS HILL,232,677,360,552,059
MARTINS-POPLAR SPRINGS,182,724,68,293,059
MOUNT OLIVE,196,702,73,442,059
PRINCETON,155,744,14,131,059
CLINTON MILL,247,742,412,167,059
Ashland/Stokes Bridge,682,687,55,210,061
Bishopville No. 1,670,624,305,50,061
Bishopville No. 4,666,662,417,90,061
Cypress,697,644,188,89,061
Hickory Hill,652,620,96,92,061
Lynchburg,715,545,356,66,061
Mt. Clio,678,598,134,28,061
Schrocks Mill/Lucknow,649,676,152,127,061
Spring Hill,642,584,279,108,061
St. Matthews,659,673,38,73,061
Woodrow,646,569,86,21,061
BATESBURG,322,451,549,510,063
LAKE MURRAY 1,348,523,335,995,063
LEESVILLE,330,447,513,807,063
MOUNT HOREB,353,515,388,953,063
BEULAH CHURCH,338,531,296,1171,063
ROUND HILL,347,464,612,1128,063
SANDY RUN,455,396,200,335,063
GILBERT,340,459,219,897,063
SWANSEA 1,420,394,337,354,063
CAYCE NO. 1,428,486,488,317,063
SUMMIT,332,457,188,564,063
SHARPE'S HILL,392,408,280,563,063
RED BANK SOUTH 1,376,456,290,748,063
CROMER,395,495,280,530,063
EDMUND 1,379,427,162,335,063
CAYCE NO. 2,436,467,544,255,063
CHAPIN,343,603,531,1115,063
EDENWOOD,423,463,567,778,063
LEXINGTON NO. 2,364,475,422,516,063
CONGAREE 1,399,441,201,706,063
PINE RIDGE 1,412,455,252,522,063
WEST COLUMBIA NO. 4,418,478,368,474,063
QUAIL VALLEY,388,551,647,654,063
AMICKS FERRY,339,558,512,1505,063
FAITH CHURCH,384,505,323,471,063
LEXINGTON NO. 3,371,506,471,956,063
PARK ROAD 1,359,494,374,681,063
GASTON 2,409,413,259,470,063
SAND HILL,397,418,226,435,063
SWANSEA 2,401,392,287,406,063
DREHER ISLAND,336,588,180,844,063
PINE RIDGE 2,413,442,390,668,063
Platt Springs 1,362,436,211,533,063
PARK ROAD 2,360,500,224,439,063
WEST COLUMBIA NO. 1,425,497,272,193,063
GRENADIER,403,536,637,366,063
WEST COLUMBIA NO. 2,422,496,269,70,063
CHALLEDON,394,547,574,346,063
WOODLAND HILLS,407,525,462,298,063
MT. HEBRON,400,501,297,457,063
COLDSTREAM,377,548,516,654,063
ST. MICHAEL,363,550,430,1013,063
OAKWOOD,385,487,581,1000,063
RIVER BLUFF,389,521,550,978,063
DUTCHMAN SHORES,350,563,342,1033,063
KITTI WAKE,381,473,357,622,063
LAKE MURRAY 2,346,508,537,1107,063
LINCREEK,373,552,583,674,063
Mt. Carmel,77,514,174,33,065
Savannah,99,444,255,859,065
McCormick No. 1,141,469,400,206,065
McCormick No. 2,147,439,347,136,065
Parksville,178,406,24,126,065
Clarks Hill,192,373,196,179,065
Friendship,907,507,155,48,067
Rains,924,562,290,107,067
Marion North,912,641,388,334,067
Marion West,905,594,299,337,067
Temperance,910,667,339,172,067
Northwest Mullins,923,643,489,198,067
Northeast Mullins,933,646,555,332,067
Nichols,937,661,180,210,067
Adamsville,895,841,152,133,069
Brightsville,889,849,256,191,069
Redhill,886,759,305,258,069
Wallace,852,857,393,366,069
Clio,901,776,569,247,069
West Bennettsville,880,783,504,146,069
North Bennettsville,891,807,614,494,069
McColl,902,802,271,309,069
Newberry Ward 2,315,678,243,324,071
Newberry Ward 4,311,666,229,35,071
Newberry Ward 6,318,671,267,271,071
Bush River,270,686,50,120,071
Hartford,309,629,202,319,071
Kinards-Jalapa,288,704,78,188,071
Mt. Bethel-Garmany,321,698,353,270,071
O'Neal,326,576,200,632,071
Little Mountain,334,633,251,592,071
Oakland,308,684,259,62,071
Pomaria,335,663,112,239,071
Silverstreet,289,650,166,249,071
St. Phillips-Jolly Street,327,685,235,355,071
Whitmire City,314,751,149,296,071
Prosperity Outside,325,642,191,249,071
Earles Grove,10,771,103,451,073
Fair Play,8,752,109,528,073
Holly Springs,2,831,21,219,073
Long Creek,0,859,88,173,073
Madison,1,804,56,323,073
Oakway,7,786,168,608,073
Richland,6,815,159,507,073
Stamp Creek,13,893,457,980,073
Shiloh,15,805,313,398,073
Tamassee,5,942,172,640,073
Utica,12,816,160,169,073
Walhalla 2,4,860,285,837,073
Westminster 2,3,833,151,641,073
Seneca 1,11,821,742,778,073
Seneca 3,9,808,240,509,073
Orangeburg Ward 1,524,308,209,115,075
Orangeburg Ward 3,534,300,474,24,075
Orangeburg Ward 5,533,310,209,12,075
Suburban 2,545,304,324,3,075
Suburban 4,542,293,161,67,075
Suburban 7,510,324,466,373,075
Orangeburg Ward 7,520,315,292,150,075
Suburban 5,511,298,493,109,075
Orangeburg Ward 9,532,319,259,53,075
Orangeburg Ward 10,525,323,326,132,075
Bethel,582,287,253,95,075
Branchville 1,564,262,292,295,075
Cope,446,278,180,203,075
Edisto,495,270,163,406,075
Eutawville 1,657,282,409,410,075
Brookdale,551,326,674,24,075
Four Holes,579,309,88,222,075
Jamison,552,345,696,239,075
Neeses-Livingston,408,331,219,337,075
North 2,431,366,395,355,075
Norway,402,294,562,218,075
Providence,626,281,493,165,075
Santee 2,634,297,624,32,075
Vance,643,284,743,211,075
Limestone 2,489,353,369,157,075
Cordova 2,516,289,454,250,075
Rowesville,546,272,210,127,075
University,19,813,204,172,077
Abel,23,823,288,133,077
Clemson,27,820,569,552,077
West Central,26,827,179,157,077
Lawrence Chapel,17,858,237,515,077
South Pickens,33,909,166,375,077
Six Mile,18,880,126,701,077
Albert R. Lewis,24,939,107,613,077
Six Mile Mountain,25,890,185,648,077
Holly Springs,21,974,193,678,077
Griffin,46,953,156,718,077
East Pickens,36,919,86,600,077
Rices Creek,31,883,124,536,077
East Liberty,38,868,114,475,077
Zion,60,869,118,477,077
Brushy Creek,67,874,257,658,077
Cedar Rock,55,917,123,570,077
Crosswell,78,905,143,613,077
Crestview,70,876,154,584,077
Smith Grove,51,878,100,313,077
Pickensville,62,895,153,414,077
Easley,64,901,170,412,077
Saluda,79,892,162,445,077
McKissick,56,906,202,445,077
Dacusville,72,947,64,360,077
South Central,29,832,252,256,077
North Liberty,40,886,103,434,077
Fruit Mountain,53,888,91,301,077
Tri County,74,882,118,246,077
Lenhardt,65,911,132,364,077
Ward 1,442,499,476,150,079
Ward 3,427,518,713,185,079
East Forest Acres,473,522,345,474,079
Parkridge 1,387,559,340,244,079
Ward 26,547,530,533,183,079
Ward 5,438,493,340,142,079
Ward 6,460,524,598,308,079
Ward 8,444,513,294,8,079
Ward 9,447,509,415,15,079
Dutch Fork 4,372,597,516,581,079
Ballentine 1,370,587,397,470,079
Ward 11,454,483,582,144,079
Bluff,477,462,1042,35,079
Ward 23,458,502,438,182,079
Ward 15,456,510,405,281,079
Ward 16,462,504,481,482,079
Hopkins 1,497,432,682,68,079
Brandon 2,481,471,809,134,079
Ward 19,441,527,548,17,079
Harbison 2,406,557,536,198,079
Ward 22,426,535,776,34,079
Brandon 1,486,476,827,193,079
Ward 29,440,542,624,26,079
Hopkins 2,540,448,744,106,079
Ward 30,433,503,353,129,079
Caughman Road,514,472,808,242,079
Oak Pointe 1,398,579,477,388,079
Ballentine 2,365,572,320,758,079
Friarsgate 1,375,571,603,361,079
Kingswood,415,537,1327,193,079
Longcreek,487,619,1474,1288,079
Blythewood 2,482,652,801,650,079
Fairlawn,457,578,1277,227,079
Bookman,539,593,1210,565,079
North Springs 1,506,589,516,280,079
Cooper,478,529,396,400,079
Dennyside,424,549,363,212,079
Dentsville,468,546,916,78,079
Edgewood,451,532,734,33,079
Fairwold,453,543,442,11,079
Horrell Hill,561,480,688,458,079
South Forest Acres,465,516,533,507,079
Old Friarsgate,378,566,491,300,079
Meadowfield,476,474,573,507,079
Meadowlake,459,553,1050,32,079
Keels 2,472,554,641,42,079
Kelly Mill,527,648,733,392,079
Lake Carolina,517,614,1139,618,079
Longleaf,479,605,936,89,079
Mill Creek,502,468,548,134,079
McEntire,562,458,303,163,079
North Springs 3,500,581,990,182,079
Parkridge 2,393,556,241,146,079
Parkway 2,519,596,1056,298,079
Pennington 2,483,485,553,427,079
Pine Lakes 1,521,479,530,36,079
Polo Road,508,555,980,307,079
Pontiac 2,549,586,564,424,079
Ridge View 1,513,607,1037,270,079
Ridgewood,435,540,364,10,079
Riversprings 1,382,591,326,446,079
Riverwalk,396,565,1086,598,079
St. Andrews,417,519,492,140,079
Satchelford,470,528,488,522,079
South Beltline,467,484,538,173,079
Spring Valley,496,567,1026,533,079
Springville 1,351,583,396,875,079
Trenholm Road,475,539,315,342,079
Valley State Park,484,582,1520,177,079
Webber,597,450,445,169,079
Whitewell,410,534,660,79,079
Woodfield,492,541,968,288,079
Pennington 1,480,492,307,525,079
Rice Creek 1,491,595,793,105,079
Valhalla,531,573,805,565,079
Clyde,303,477,21,142,081
Higgins/Zoar,273,575,172,191,081
Holstons,319,461,202,334,081
Saluda No. 1,276,488,368,193,081
Mayson,240,517,83,187,081
Hollywood,301,560,132,636,081
Ridge Spring/Monetta,302,423,263,209,081
Saluda No. 2,268,490,225,354,081
Ward,277,438,125,113,081
Arcadia Elementary,222,960,231,166,083
Gable Middle School,243,907,499,1127,083
Clifdale Elementary,259,970,162,283,083
Woodruff Fire Station,204,871,135,560,083
Mayo Elementary,256,992,112,737,083
Pauline Glenn Springs Elementary,260,897,116,465,083
Morningside Baptist,253,949,425,717,083
Boiling Springs 9th Grade,231,980,672,1069,083
Cherokee Springs Fire Station,250,982,173,571,083
Fairforest Elementary,206,973,378,1022,083
Cedar Grove Baptist,180,952,522,93,083
Chapman High School,210,985,565,926,083
Motlow Creek Baptist,186,990,138,499,083
Converse Fire Station,254,972,183,396,083
Cavins Hobbysville,235,846,88,400,083
Cross Anchor Fire Station,252,811,92,283,083
Dayton Fire Station,245,969,270,247,083
Enoree First Baptist,238,803,159,495,083
Holly Springs Baptist,189,981,265,1361,083
Poplar Springs Fire Station,217,921,470,997,083
West View Elementary,244,957,393,697,083
Beaumont Methodist,242,963,147,147,083
Ebenezer Baptist,237,954,379,13,083
Victor Mill Methodist,183,941,363,458,083
Wellford Fire Station,207,961,609,644,083
Whitlock Jr. High,241,977,312,454,083
White Stone Methodist,263,927,195,273,083
Boiling Springs Intermediate,213,978,449,833,083
